{"GunFire":{"Frame0":[70.0,66.0,136.0,2.0],"NumFrames":1,"Repeating":false,"SecsPerFrame":0.3000000059604645},"GunPower":{"Frame0":[138.0,66.0,204.0,2.0],"NumFrames":1,"Repeating":false,"SecsPerFrame":0.4000000059604645},"GunWalk":{"Frame0":[2.0,66.0,68.0,2.0],"NumFrames":1,"Repeating":true,"SecsPerFrame":0.4000000059604645},"WrenchBase":{"Frame0":[206.0,66.0,272.0,2.0],"NumFrames":1,"Repeating":true,"SecsPerFrame":0.4000000059604645},"WrenchPower":{"Frame0":[274.0,66.0,340.0,2.0],"NumFrames":1,"Repeating":false,"SecsPerFrame":0.4000000059604645},"WrenchSwing":{"Frame0":[342.0,66.0,408.0,2.0],"Frame1":[410.0,66.0,474.0,2.0],"NumFrames":2,"Repeating":false,"SecsPerFrame":0.2000000059604645}}